{
  "description": "Reach",
  "supported_items": "#minecraft:enchantable/weapon",
  "slots": [
    "mainhand"
  ],
  "weight": 5,
  "max_level": 3,
  "min_cost": {
    "base": 3,
    "per_level_above_first": 1
  },
  "max_cost": {
    "base": 6,
    "per_level_above_first": 1
  },
  "anvil_cost": 3,
  "effects": {
    "minecraft:attributes": [
      {
        "id": "entity_interaction_range",
        "attribute": "minecraft:player.entity_interaction_range",
        "amount": {
          "type": "minecraft:linear",
          "base": 1,
          "per_level_above_first": 1
        },
        "operation": "add_value"
      },
      {
        "id": "block_interaction_range",
        "attribute": "minecraft:player.block_interaction_range",
        "amount": {
          "type": "minecraft:linear",
          "base": 1,
          "per_level_above_first": 1
        },
        "operation": "add_value"
      }
    ]
  }
}
