{
  "description": "Speed",
  "supported_items": "#minecraft:enchantable/foot_armor",
  "weight": 7,
  "max_level": 5,
  "min_cost": {
    "base": 20,
    "per_level_above_first": 1
  },
  "max_cost": {
    "base": 30,
    "per_level_above_first": 1
  },
  "anvil_cost": 5,
  "slots": [
    "feet"
  ],
  "effects": {
    "minecraft:attributes": [
      {
        "id": "movement_speed",
        "attribute": "minecraft:generic.movement_speed",
        "amount": {
          "type": "minecraft:linear",
          "base": 0.02,
          "per_level_above_first": 0.02
        },
        "operation": "add_value"
      }
    ]
  }
}
