{
  "type": "minecraft:crafting_shaped",
  "category": "equipment",
  "pattern": [
    "XXX",
    "XSX",
    " S "
  ],
  "key": {
    "X": {
      "item": "minecraft:diamond"
    },
    "S": {
      "item": "minecraft:stick"
    }
  },
  "result": {
    "id": "minecraft:diamond_axe",
    "count": 1,
    "components": {
      "minecraft:attribute_modifiers": {
        "modifiers": [
          {
            "id": "movement_speed",
            "type": "minecraft:generic.movement_speed",
            "amount": -0.03,
            "operation": "add_value",
            "slot": "mainhand"
          },
          {
            "id": "attack_damage",
            "type": "minecraft:generic.attack_damage",
            "amount": 17,
            "operation": "add_value",
            "slot": "mainhand"
          },
          {
            "id": "attack_speed",
            "type": "minecraft:generic.attack_speed",
            "amount": -3.5,
            "operation": "add_value",
            "slot": "mainhand"
          }
        ]
      },
      "minecraft:item_name": "[{'text':'Diamond Battle Axe'}]",
      "minecraft:custom_model_data": 1
    }
  }
}
