{
  "type": "minecraft:crafting_shaped",
  "category": "equipment",
  "pattern": [
    "WIW",
    "WWW",
    " W "
  ],
  "key": {
    "W": {
      "tag": "minecraft:planks"
    },
    "I": {
      "item": "minecraft:iron_block"
    }
  },
  "result": {
    "id": "minecraft:shield",
    "count": 1,
    "components": {
      "minecraft:attribute_modifiers": {
        "modifiers": [
          {
            "id": "armor_toughness",
            "type": "minecraft:generic.armor_toughness",
            "amount": 2,
            "operation": "add_value",
            "slot": "offhand"
          },
          {
            "id": "armor",
            "type": "minecraft:generic.armor",
            "amount": 3.5,
            "operation": "add_value",
            "slot": "offhand"
          },
          {
            "id": "movment_speed",
            "type": "minecraft:generic.movement_speed",
            "amount": -0.02,
            "operation": "add_value",
            "slot": "offhand"
          }
        ]
      },
      "minecraft:item_name": "[{'text':'Heavy Shield'}]",
      "minecraft:max_damage": 1011
    }
  }
}
