{
  "type": "minecraft:crafting_shaped",
  "category": "equipment",
  "pattern": [
    "   ",
    " X ",
    " S "
  ],
  "key": {
    "X": {
      "item": "minecraft:cobblestone"
    },
    "S": {
      "item": "minecraft:stick"
    }
  },
  "result": {
    "id": "minecraft:stone_sword",
    "count": 1,
    "components": {
      "minecraft:attribute_modifiers": {
        "modifiers": [
          {
            "id": "attack_speed",
            "type": "minecraft:generic.attack_speed",
            "amount": 0.5,
            "operation": "add_value",
            "slot": "mainhand"
          },
          {
            "id": "attack_damage",
            "type": "minecraft:generic.attack_damage",
            "amount": 3,
            "operation": "add_value",
            "slot": "mainhand"
          },
          {
            "id": "block_interaction_range",
            "type": "minecraft:player.block_interaction_range",
            "amount": -1,
            "operation": "add_value",
            "slot": "mainhand"
          },
          {
            "id": "entity_interaction_range",
            "type": "minecraft:player.entity_interaction_range",
            "amount": -1,
            "operation": "add_value",
            "slot": "mainhand"
          }
        ]
      },
      "minecraft:custom_model_data": 1,
      "minecraft:item_name": "[{'text':'Stone Dagger'}]"
    }
  }
}
