{
  "type": "minecraft:crafting_shaped",
  "category": "equipment" ,
  "pattern": [
    " T ",
    " T ",
    " S "
  ],
  "key": {
    "T": {
      "item": "minecraft:totem_of_undying"
    },
    "S": {
      "item": "minecraft:stick"
    }
  },
  "result": {
    "id": "minecraft:totem_of_undying",
    "count": 1,
    "components": {
      "minecraft:attribute_modifiers": {
        "modifiers": [
          {
            "id": "attack_speed",
            "type": "minecraft:generic.attack_speed",
            "amount": -1,
            "operation": "add_value",
            "slot": "mainhand"
          },
          {
            "id": "attack_damage",
            "type": "minecraft:generic.attack_damage",
            "amount": 7,
            "operation": "add_value",
            "slot": "mainhand"
          }
        ]
      },
      "minecraft:custom_model_data": 1,
      "minecraft:item_name": "[{'text':'Sword Of Undying'}]"
    }
  }
}
